{
  "02_Flight_Search_Page" : {
    "transaction" : "02_Flight_Search_Page",
    "sampleCount" : 5,
    "errorCount" : 0,
    "errorPct" : 0.0,
    "meanResTime" : 130.0,
    "medianResTime" : 80.0,
    "minResTime" : 77.0,
    "maxResTime" : 212.0,
    "pct1ResTime" : 212.0,
    "pct2ResTime" : 212.0,
    "pct3ResTime" : 212.0,
    "throughput" : 0.06032600171325845,
    "receivedKBytesPerSec" : 1.020616976641772,
    "sentKBytesPerSec" : 0.11102576448125671
  },
  "02_Flight_Search_Page-0" : {
    "transaction" : "02_Flight_Search_Page-0",
    "sampleCount" : 5,
    "errorCount" : 0,
    "errorPct" : 0.0,
    "meanResTime" : 103.6,
    "medianResTime" : 80.0,
    "minResTime" : 77.0,
    "maxResTime" : 201.0,
    "pct1ResTime" : 201.0,
    "pct2ResTime" : 201.0,
    "pct3ResTime" : 201.0,
    "throughput" : 0.06032600171325845,
    "receivedKBytesPerSec" : 0.0458454048176345,
    "sentKBytesPerSec" : 0.09667477422993859
  },
  "Total" : {
    "transaction" : "Total",
    "sampleCount" : 22,
    "errorCount" : 0,
    "errorPct" : 0.0,
    "meanResTime" : 347.59090909090907,
    "medianResTime" : 135.5,
    "minResTime" : 77.0,
    "maxResTime" : 3717.0,
    "pct1ResTime" : 477.2999999999999,
    "pct2ResTime" : 3237.2999999999934,
    "pct3ResTime" : 3717.0,
    "throughput" : 0.20654367929399614,
    "receivedKBytesPerSec" : 5.935086900905976,
    "sentKBytesPerSec" : 0.3226419841102192
  },
  "02_Flight_Search_Page-1" : {
    "transaction" : "02_Flight_Search_Page-1",
    "sampleCount" : 1,
    "errorCount" : 0,
    "errorPct" : 0.0,
    "meanResTime" : 129.0,
    "medianResTime" : 129.0,
    "minResTime" : 129.0,
    "maxResTime" : 129.0,
    "pct1ResTime" : 129.0,
    "pct2ResTime" : 129.0,
    "pct3ResTime" : 129.0,
    "throughput" : 7.751937984496124,
    "receivedKBytesPerSec" : 626.2945130813953,
    "sentKBytesPerSec" : 9.220566860465116
  },
  "03_Search_IST_ESB" : {
    "transaction" : "03_Search_IST_ESB",
    "sampleCount" : 5,
    "errorCount" : 0,
    "errorPct" : 0.0,
    "meanResTime" : 395.4,
    "medianResTime" : 370.0,
    "minResTime" : 341.0,
    "maxResTime" : 519.0,
    "pct1ResTime" : 519.0,
    "pct2ResTime" : 519.0,
    "pct3ResTime" : 519.0,
    "throughput" : 0.06018005873573733,
    "receivedKBytesPerSec" : 1.1007073789779018,
    "sentKBytesPerSec" : 0.1011424619962929
  },
  "01_Homepage" : {
    "transaction" : "01_Homepage",
    "sampleCount" : 5,
    "errorCount" : 0,
    "errorPct" : 0.0,
    "meanResTime" : 131.2,
    "medianResTime" : 129.0,
    "minResTime" : 102.0,
    "maxResTime" : 174.0,
    "pct1ResTime" : 174.0,
    "pct2ResTime" : 174.0,
    "pct3ResTime" : 174.0,
    "throughput" : 0.06195403010965863,
    "receivedKBytesPerSec" : 4.60369265380088,
    "sentKBytesPerSec" : 0.09365706895483551
  },
  "Extract Cloudflare Cookies" : {
    "transaction" : "Extract Cloudflare Cookies",
    "sampleCount" : 1,
    "errorCount" : 0,
    "errorPct" : 0.0,
    "meanResTime" : 3717.0,
    "medianResTime" : 3717.0,
    "minResTime" : 3717.0,
    "maxResTime" : 3717.0,
    "pct1ResTime" : 3717.0,
    "pct2ResTime" : 3717.0,
    "pct3ResTime" : 3717.0,
    "throughput" : 0.26903416733925206,
    "receivedKBytesPerSec" : 0.0,
    "sentKBytesPerSec" : 0.0
  }
}